=======================================================
--SQL PRACTICAL TEST
=======================================================

CREATE DATABASE STUDENTDBS;

CREATE TABLE STUDENTS
(
STUDENT_ID INT PRIMARY KEY,         --ENSURES EACH STUDENT HAS A UNIQUE IDENTIFIER
STUDENT_NAME VARCHAR(30) NOT NULL,  --ENSURES STUDENT NAME CANNOT BE EMPTY
AGE INT CHECK(AGE>=18),             --ENSURES ONLY STUDENTS AGED ABOVE 18 ARE ENTERED, OTHERWISE ERROR
CITY VARCHAR(30) DEFAULT 'KOCHI'    --IF NO CITY IS PROVIDED, DEFAULTS TO KOCHI
);

INSERT INTO STUDENTS
VALUES
(101,'PRIYA',24,'KOCHI'),
(102,'ROHIT',19,'BANGLORE'),
(103,'ARSHA',21,'DELHI'),
(104,'ARJUN',20,'CALICUT'),
(105,'SEB',24,'THRISSUR');


CREATE TABLE COURSES
(
COURSE_ID INT PRIMARY KEY,
COURSE_NAME VARCHAR(40) UNIQUE     --ENSURES NO TWO COURSES CAN HAVE THE SAME NAME
);

INSERT INTO COURSES 
VALUES
(101,'PYTHON'),
(102,'SQL'),
(103,'TALLY'),
(104,'EXCEL');

CREATE TABLE ENROLLMENTS
(
Enroll_ID INT PRIMARY KEY,
STUDENT_ID INT,
COURSE_ID INT,

FOREIGN KEY (STUDENT_ID) REFERENCES STUDENTS(STUDENT_ID), --ENSURES STUDENT_ID MUST EXIST IN STUDENTS TABLE
FOREIGN KEY (COURSE_ID) REFERENCES COURSES(COURSE_ID)     --ENSURES COURSE_ID MUST EXIST IN COURSES TABLE
);

INSERT INTO ENROLLMENTS
VALUES
(1,101,101),
(2,102,102),
(3,103,103),
(4,104,104),
(5,105,104);

SELECT * FROM STUDENTS;

SELECT STUDENT_NAME, CITY
FROM STUDENTS;

SELECT * FROM STUDENTS
WHERE AGE > 20;

SELECT * FROM STUDENTS
ORDER BY STUDENT_NAME ASC;

SELECT CITY, COUNT(*) AS NUMBER_OF_STUDENTS
FROM STUDENTS GROUP BY CITY;

SELECT CITY, COUNT(*) AS NUMBER_OF_STUDENTS
FROM STUDENTS GROUP BY CITY
HAVING COUNT(*)>1;

SELECT S.STUDENT_NAME,
       C.COURSE_NAME
FROM STUDENTS S INNER JOIN ENROLLMENTS E
ON S.STUDENT_ID=E.STUDENT_ID
INNER JOIN COURSES C
ON E.COURSE_ID = C.COURSE_ID;

SELECT S.STUDENT_NAME,
       E.Enroll_ID,
       E.COURSE_ID
FROM STUDENTS S LEFT JOIN ENROLLMENTS E
ON S.STUDENT_ID=E.STUDENT_ID;

SELECT S.STUDENT_NAME,
       E.Enroll_ID,
       E.COURSE_ID
FROM STUDENTS S RIGHT JOIN ENROLLMENTS E
ON S.STUDENT_ID=E.STUDENT_ID;

SELECT S.STUDENT_NAME,
       E.Enroll_ID,
       E.COURSE_ID
FROM STUDENTS S FULL OUTER JOIN ENROLLMENTS E
ON S.STUDENT_ID=E.STUDENT_ID;

SELECT S.STUDENT_NAME,
       C.COURSE_NAME
FROM STUDENTS S INNER JOIN ENROLLMENTS E
ON S.STUDENT_ID = E.STUDENT_ID
INNER JOIN COURSES C
ON E.COURSE_ID = C.COURSE_ID;

SELECT * FROM STUDENTS
WHERE AGE > (SELECT AVG(AGE) FROM STUDENTS);

SELECT (SELECT MAX(AGE) FROM STUDENTS) AS HIGHEST_AGE;

SELECT STUDENT_ID,
       STUDENT_NAME,
       AGE,
(SELECT AVG(AGE) FROM STUDENTS) AS AVERAGE_AGE
FROM STUDENTS;

SELECT * FROM 
(SELECT * FROM STUDENTS) AS S
WHERE AGE > 20;

--Write a correlated subquery to display students whose age is greater than the average age of
--students from the same city. ????

--QUESTION 20 - NEXT TO CODES.